"","text"
"1",".Das Emssil der KskserUchm Universität zu Dsrpal macht hierdurch bekannt daß Diejenigm, welche zu Anfang des ersteK Semesters i 85J M der Doryaxschm Universität dem Examen zur ALfkshme in die Zahl der Gmdirenden sich zu Mterwerfen wünschen, deshalb am 9., iO. und Ä2. Za»u ar zwischen 11 undi Uhr, unter Beibringung der vorschriftmaßigeK Zeugnisse, in der Ksnzellei des Unw.-Conseils sich zu melden HsbeK. Diejenigen aber, welche mit Zeugnissen der Reife von emsm Gymnasium des Dorpalschen LehebeZirks oder von der Revalschen Riller- und Dsmschule entlassen worden sind, und im Beginn des nächsten Semesters die Dörptsche Universität zu beziehen wünschen, müssen sich nicht später als den ib. Januar in gedachter Kanzellei melden, und derselben ihre testimoniamaturitatis nebst den übrigen vorschriftmäßigen Attestaten übergeben, wobei in Erinnerung gebracht wird, daß in Gemäßheit der bestehenden gesetzlichen Verordnungen folgende Zeugnisse einzureichen sind' 1) der Taufschein, welcher beweisen muß, daß der Aspirant das J 7. Jahr zurückgelegt hat, (von Ebräern wird ein Zeugniß über den Tag ihrer Geburt und ein Beweis, daß sie russische Unterkhanen sind, verlangt); 2) derConfirmations, schein von Bekenner» der evangelischen Kirche, oder der Communionsschein von Bekenner» der katholischen Kirche; 3) ein Beweis der Ablieferung des Paffes an die Kaiserl. Dörptsche PolizeiVerwaltung; ä) die schriftliche Einwilligung der Eltern oder Vormünder; 5) das Enrlassungszeugniß der Gemeinde, von Personen steuerpflichtigen Standes, welches auf dem gehörigen Stem- j pelpapier ausgefertigt, und wenn es von einem Bauer-Gemeindegericht ausgestellt ist. von dem betreffenden Kirchspielsgerichte verificirt seyn muß. Adeliche und sonstige Exemte aber haben sich durch besondere gerichtliche Zeugnisse, und Söhne von Beamten und Predigern durch die Dienstliste ihrer Väter über ihren Stand auszuweisen; b) ein Zeugniß über den genossenen Unterricht, web ches sich mindestens aufdie letzten 3 Jahre erstreckt, und worin, wenn es sich auf Privatunterricht dezieht, ausdrücklich zu erwähnen ist. daß der Jnhader gleichzeitig ein Gymnasium nicht besucht habe, wobei noch begehrt werden muß. daß Zeugnisse der letzteren Art zum Erweis dessen, daß die  Aussteller als rMeessismrts Lehrex oder Vorsicher von Privc anstalten zur Errheilung dersel« den befugt gewesen, von dem betreffenden Herrn Gouvernements-Schuldireetor beglaubigt sey»; 7) em gerichtliches Attestat über die """"sittliche Führung feit dem Abgang aus der Schule. Eingeborene deöZanhums Polenhaben außerdem noch einZeugnißdeö Curacors des Warschauich en Lehrbezirks darüber beizubringen, daß ihrem Studium auf der Universität kein Hind, miß von Seiten der Regierung des Zarthums entgegenstehe. - Es kann unter keiner Bedingung Jemand zur Au fnohme - Prüsung zugelassen werden, der nicht die vorgeschriebenen Documente vollstänbig eingeliefert Hat. und spätere Aufnahmen bei der Universitär im Laufe des Semesters sind gänzlich unzulässi g. Zöglinge der Gymnasien des Dörprschen Lehrbejirks, so wie der Ritter- und Domschule zu Reval, welche von diesen Anstalten die verordneten Zeugnisse der Reife Nr. 1. und 11. nicht erhalten haben, können sich. wenn sie aus der ersten Classe ausgetreten sind, nicht früherals nach Ablauf eines Jahres, die aus der zweiten Classe erst nach zwei Jahren, und die aus der dritten Classe erst nach drei Jahren a dato ihres Abgangs zu jenem Examen stellen, Zöglinge der Gymnasien anderer Lehrbezirke des Reiches aber, welche diese Anstalten vor ganzlicher Beendigung des vollen Cursus verlassen haben, wenn sie in der vierten Classe den Cursus beendigten, nicht vor drei Jahren, wenn in der fünften Classe. nicht vor zwei Jahren, und wenn in der sechsten Classe nicht vor einem Jahre ihres Austritts. Tie nach Vollendung des Cursus mit dem Zeugniß Nr. Ш. entlassenen Zöglinge der Gymnasien des Dörptschen Lehrbezirks werden nach Verlauf eines halben Jahres a dato ihres Abgangs vom Gymnasium bei der Uni-  versiläk zur Aufnahme - Prüfung zugelassen. Schließlich wird angezeigt. daß zufolge höherer Vorschrift Söhne von Edelleuten der westlichen Gouvernements zu dem beider Universität nur e i и Mal jährlich, undzwarnur im Zu l i «M on a t zugelassen werden können. —Dorpat, den 20. December 1852. —l—  5 "
"2","Лифляндские Губернские Ведомости  Издаются по Серсдамъ и Субботаиъ. ЦЬна за годъ безъ ререеылкы 3 руб., съ пересшлкою по HO4TLI ? ИЛИ СЪ доставкою на домъ 4 руб. соробр. Подписка принимается въ рсданцш и во ВСЁХЪ НОЧТОВЫХЪ Конторахт..  Livländische Gouvernements-Zeitung  Die Zeitung erscheint Mittwochs und Sonnabends. Der Preis derselben detragt ohne Uebersendung 3 Rbl. S.; Mit Uebersendung oder Zustellung in's Haus 4 Rbl. S. Bestellungen auf die Zeitung Werden in der Gouvernements-Regierung und in allen Post-Comptoirs angenommen.  М 7.  Суббота, 22. Ноября.  Sonnabend, de» 22* November»  Отдель первый.  Erste Abtheilung.  Торги.  ЛИФЛЯПДСКОЮ Казенною Палатою симъ вызываются желанмще принять на себя перевозку зимшшъ нутемъ отъ Рижскаго Артиллершскаго Гарнизона до города Динабурга сиарядовъ вЬсомъ до 330 пудъ и до города Вильно снарядовъ, свинца и селитры до 2080 нудъ, явиться въ ciio Казенную Йа лагу к'Ь торгу 15. а къ переторжкЬ 19. Декабря сего года заблаговременно и не позже 1. часа яо полудни, представляя при подаваемыхъ ирошешяхъ падлежанце залоги. Кондицш на ciio перевозку ежедневно могутъ быть разсматр иваемы въ Канцелярш сей Палаты. М 1085.  Въ Г. PfjrJb въ Рижской Духовной Консисторш 8. будущего Декабря сего 1852 г. назначены торги, а чрезъ три переторжка на ностроеше въ деревни Раксолахт Лифляндской Губерпш въ Лендепскомъ уЬздЪ, деревянной на камеыномъ Единоверческой церкви, на что исчислено по CM'JiTfc 5106 руб. 9 коп. сер. ; а потому желаloiuie участвовать въ сихъ торгахъ, благоволят'*. въ определенные сроки явиться въ оную Консисторно съ благонадежными за« логами и надлежащими о званш своемъ доказательствами.  Императорский университет'!» Г, Дерпта вызывает'!» желающих'!» принять на себя постройку дома для служителей Университета на ДомбергЬ, но утвержденному Главнымъ Путей Сообщения и публичныхь здатй плаву и смФ/гЬ на 1917 руб. 85 коп. сер., лветься Ра торгъ 16. га на иереl9. Декабри, въ поддет», яъ fEaaiig*  Torge.  Vom Livländifchen Kameralhof werden Diejenigen, welche willens seyn sollten, den WinterTransport von Artilierie-Geräthschaften, ungefähr 330 Pud an Gewicht, von Riga nach Dünaburg, und dergleichen Gerätschaften, sowie Blei und Salpeter zusammen 2080 Pud, von Riga nach Wilna, zu übernehmen, Hierdurch aufgefordert. Zum Torge am 15. undzumPeretorge am 19.December d. I. zeitig, und spätestens bis 1 Uhr mittags, bei diesem Kameralhofe, in dessen Kam zellei die Bedingungen täglich eingesehen werden können, sich Zu melden und die gehörigen Saloggen bei den einzureichenden Gesuchen beizubringen. Nr. 1035.  Von dem Direktorium der Kaiserlichen Universitac Dorpat werden Diejenigen, welche den Bau eines Hauses für die Universitär-Diener auf dem Domberge nach dem von der Õberverwaltung derWege-Communication und öffentlichen Gebäude gebilligien Plan, veranschlagt auf 1917 Rbl. 35K0p..5.-M. zu übernehmen geneigt sind, hierdurch aufgefordert, sich zu dem, behufs der Ermittelung des Mindestpreises für solchen Bau, anberaumten Torge am 16. December und zum Peretorge am 19. December d. 1., mittags 12 Uhr, in dem Loeal der Universitär &gt; Rentkammer einzufinden und nach Producirung der gesetzlichen Salsggen und Legitimationen ihren-Bot zu verZ lautbaren, wegen des Zuschlags aber die weites "
"3","Md. XIV. Ust. über Pässe und Läuflinqe Art. 589. Nr. 82. ' Diebstahl. Publication der Strafbestimmungen für denselben. Nr. 85 u. 86, lettisch und ehstnisch Nr. 91 u. 92. Dienstboten-Bücher Nr. 54, lettisch und ehstnisch Nr. 55, deutsch, lett. und ehst. Nr. 56. Ausreichung derselben Nr. 61. Verbot aller Rügen und Bemerkungen über die Führung Nr. 78, 79, 81. Don au-Fürstentümer, vide Manifest. Dorpat, vide Studirende. Dubbelnsche Postabtheilung. Annahme der Correspondenz bei derselben an allen Wachentagen von 4 bis 8 Uhr Abends. Nr. 52, 53, 54. Dünafloßbrücke. Regeln für Einzahlung des Passirgeldes, für das Durchgehen von Schiffen, Strusen, Flössern :c. durch die Brückenklappe, für das Anlegen von Strusen und Bordingen an die Brücke und für die freie Passage der direct von der Kaye kommenden Härinqe Nr. 42, 43, 46, 48. —, vide auch Marken.  JS«  Ebräer-Rekruten. Berechtigung der ebräischen Gemeinden zur Ergreifung paßloser und der Rekrutirung sich entziehender Ebräer und Zur Abgabe derselben als Rekruten am Orte der Ergreifung. Allerhöchster Befehl. Nr. 61. Einschärfung der Art. 139 und 156 des Strafcodex in Betreff dessen, daß in Untersuchung stehende Jnculpaten für etwa während der Untersuchung begangene neue Vergehungen nicht separat zu bestrafen sind. Nr. 96. Emittirung einer neuen Kupfermünze. Nr. 47. Empfangs- Benachrichtigungen. Die von dem Comptoir der Moskauschen Senats-Typographie über die denselben zugesandten Gelder empfangenen Benachrichtigungen sind als zur Rechnungsablegung nothwendige Documente aufzubewahren. Nr. 57. Empfangsbuch. Einrichtung eines solchen bei der Krepostexpedition des Hofgerichts. Nr .33, 34, 35. Equipagensteuer. Erhebung einer Steuer von Equipagen, Fuhrwerken x. in Folge Sen.-Uks. vom 30. April 1853. Nr. 73. Eu sek üll, viele Reducirung. Expropriation von Privat-Jmmobiliett und all-  mälige Umgestaltung der Städte nach einem neuen Plane. Circ. Vorschr. d. M. d. % Nr. 38. Extrapost. Expedition nach einer Extrapost wöchentlich von Tauroggen nach Riga. Nr. 63.  JF-  Feierlichkeit, viele Gouv.-Typographie. Fennern. Theilung dieses Gutes in 2 selbstständige Rittergüter Alt- und Neu-Fennern. Nr. 36. Feuersbrünste. Bei Führung von Untersuchungen über dieselben ist mit aller Genauigkeit in die einzelnen Umstände der Sache einzudringen und besondere Aufmerksamkeit darauf zu richten, ob nicht böswillige Brandstiftung statt gesunden habe. Nr. 58. Feuerwerke. Verkauf derselben aus dem Mi-litair-Laboratorium. Nr. 43. Flachsverkauf nur nach Puden und Pfunden gestattet, nicht aber wie bisher nach Liespfunden. Lett. russ. ehst. Nr. 8. Flachswrake. Ergänzung der Art. 20 u, 21 der Instruction für die Flachswrake vom I. ' 1835. Nr. 40. Fleischtaxe für April, Mai und Juni. Nr. 31. Flößu n g s - Billete. Ems chärfung des Art. 813 des Forst-Ustaw, betreffend die Flößungs-Billete und Rücklieferung derselben nach stattgehabtem Verkauf des Holzes. Circ. d. M. d. Reichsdomainen. Nr. 77. Freiwillige, deren Wuchs das Maaß von 2 Arschin 3 Werschok hält, sollen als Rekruten angenommen werden wenn sie über 21 aber noch nicht 22 Jahr alt sind. Lett. russ. und ehst. Nr. 19. , Fuhrenzüge. Nochmalige Einschärfung der Ver für dieselben beim Befahren großer und kleiner Straßen. Nr. 25, lett. und ehst. Nr. 27. Futtersalz, vide Kochsalz.  €»•  Gagenzahlung an Beamte im Falle von Erkrankung, Beurlaubung, Dienstversetzung und Gerichtsübergabe. Circ. d. M. d. I. Nr. 74. Geistige Getränke dürfen weder an Arrestanten, noch an die sie begleitenden Soldaten verabreicht werden. Nr. 2. Geistliche, viele Pässe. "
"4","0тд елъ второй.  Zweite Abtheilung.  Часть оффициальная.  Officieller Theil.  Durch Allerhöchsten Tagesbefehl im CimlRessort vom 19» October 1852, Nr. 269, sind bestätigt: Als Rigascher Ordnungsrichter Major von Tiesenhausen, der auch schon bei frühem Wahlen dieses Amt bekleidete, und als Dörptscher der im Jahre 1836 aus der 11» ArtillerieBrigade als Stabs-Capitam entlassene von Oeningen. Als Adjunkte der Ordnungs - Gerichte: der Stabs - Capitam v. Loewis als Adjunkt des Pernauschen, Lieutenant v.Stadenals Adjunkt des Rigaschm, die schon bei früheren Wahlen diese Aemter bekleideten, und der im Jahre 1851 aus dem Dragoner-Regiment Sr. Hoheit des Prinzen Emil vonHessen als Capitain entlassene v. Berens als Adjunkt des Wendenschen Ord-nungs-Gerichks. Werden angestellt: Die Eandidaten der Kaiserlich-DörptschenUniversität Blumenbach und Butewicz, als Tischvorsteher der Livl. Gouvernements-Regierung mit Collegien-Secre-tairs-Rang. Bestätigt: Als Assessor des Dörptschen Kreisgerichts, der Garde-Lieutenant von KrüZdener, der auch schon bei früheren Wahlen diestS Amt bekleidete.  In Folge dessen, daß der Herr Justizminister bemerkt hat, daß einige Beamte des Justizministeriums, wenn sie von diesem Ministerium einen Urlaub erhalten haben, diesen wirklich erst zu benutzen anfangen nachVerlauf einer sehr langen Zeit vom Tage ihrerßeurlaubung'an, während bei derErtheilMg derselben das Justizministerium dieLocal-Ver-hälmisse und die Zeit, wann namentlich die Beamten entlassen werden können. in Enragung zieht, hat der Herr Justizminister den Livlandischen Herrn Gouvernements - Procureur beauftragt, ollen Gouvernements-Beamten des Justizministeriums, welche.mit Genehmigung des Justizministers beurlaubt werden, zu eröffnen, daß, wenn sie im Laufe eines Monats von dem Tage an, wo sie ihren Urlaub vom Ministerium herhalten, irgend welcher Umstände «egZR diesen Uüaub mche de-  rnif cti fönrten, sie wegen der Erlülchmß ihn Zy be ä nutzen auf's Reue in vorgeschriebener Ordnung die Genehmigung des Justiz-Ministeriums nachsuchen müssen. Zur Erfüllung eines desfallsigen Antrages des LivländischenHerrnGouvernememsProcureurs wird Vorstehendes von der LwZändifchen Gouvernements-Regierung Zur Wissenschüft und Nachachtung Derer, die es angeht, hkemkttelst öekanm gemacht-  Wenn mittelst Circ ula ir-Vorschrift des Herrn Verwaltenden des Ministeriums des Innern vom l ö.Juni a. pr„ Nr» 273 f, in Veranlassung dessen, daß bemerkt worden, wie die Bekanntmachungen wegen Vergebung städtischer Grundplatze an Privatpersonen zum Anbau nicht immer in die Gouvernemenrs-Zeitungen eingerückt werden, angeordnet worden, daß die in dem Art- 42 Bd. XII, des Swod, Ustaw der Sradt-Oeconomie und in der 152. Beilage zum Art. 643. Bd. 11. des Swod, allgemeine Gouvernements-Verordnung (in der VI. Fortsetzung) aufgestellten Regeln, welchen zufolge alle den Städten gehörende Grundstücke aufTorgen vergeben werden und Bekanncmachungen über diese in den officiellen Gou-vernements-Zeitungen abgedruckt werden müssen, unfehlbar und pünktlich erfüllt würden, so werden von der Livlandischen Gouvernements-Regierung jammrliche Magistrate dieses Gouvernements hierdurch beauftragt, hinkünflig bei Vergebung städtischer Grundstücke an Privatpersonen zum Anbau genau der Minister-Vorschrift vom 15. Juni K. pr.. Nr. 2731, gemäß zu verfahren.  Von Ordnungsgerichre war die Livlandijche Gouv.-Regierung um eine Eröffnung darüber angegangen, ob das Patent der Livländischen Gouvernements - Regierung vom 10. Novembers LO3, betreffend das ausschließliche Recht der städtischen Fleischer Zum Ankauf von Vieh innerhalb dernachstenUmgebung derStädre. annoch als in Kraft bestehend anzusehen wäre» Das bezogene Patent besagt P. 4 : „da die „Fleischer und Fleischhändler allein das Recht die Rigaschen in einem Bezirk von 4 "
"5","ОТДЕЛЪ ВТОРОЙ.  Zweite Abtheilung.  Часть оффициальная.  Officieller Theil.  Circulair-Vorschrift.  Auf Anverlangen der Smolenskischen Gou-vernements-Regierung wird zur Erfüllung eines Senars-Ukases von der Livlandifchen Gouverne-ments-Regierung allen Stadt- und LandpoliZeibehörden hiermit vorgeschrieben, nach dem Vermögen des luchnomschen Gutsbesihers, ArtillerieCapitains Grigory Kurle witsch zu forschen und im Ermittellungsfalle binnen 6 Wochen anher Bericht zu erstatten. In Folge einer deßfallsigen Requisition der"""" Moskauschen Gouvernements-Regierung ä.ä. i 0, Oclober c., Nr. 1 5,140, wird von der Livlandischen Gouvernemenrs-Regierung sämmtlichen Stadt- und Landpolizei-Behörden Livlands vorgeschrieben, in ihren resp. Jurisdictionöbezirken die sorgfältigsten Nachforschungen nach dem be« weglichen und unbeweglichen Vermögen des verabschiedeten Lieutenants Nikolai Nowikow anzustellen und im Ermittelungsfalle sofort dieser Gouvernements-Regierung zu berichten. Den 4, November tSS2. Nr. 1022.  Bekanntmachungen.  Da in den hiesigen Straßen nicht überall von den Hausbesitzern die nölhige Sorge für die Egalisirung derselben getragen, fondern häufig der Schnee von den Trortoiren auf die Gasse geworfen wird, dadurch aber sich Eisrücken bilden- die für Fußgänger um fs größere Gefahr darbieten, als auch die Trottoirs weder gehörig! abgestoßen noch mit Sand oder Afche gehörig destreut worden, so sieht die Polizei-Verwaltung sich gemüssigt, alle Hauseigentümer zur genauen Beobachtung der existirenden Vorschriften aufzufordem und den Hausknechten Folgendes einzuschärfen: 1. den Schnee von den Dächern nur morgens bis 7 Uhr zu werfen, bei Beobachtung der Erforderlichen Vorsichtsmaßregeln, damit kein Vorübergehender verletzt werde; 11, den gefallenen Schnee nicht auf die Straße Zu werfen, sondern ihn in Haufen zu fegen und sogleich bei Tage in Schlitten nach vor""""  gs schrieben er Form zu mtfitmu, Midrigenkülls die Bereinigung vor« Seilen der PoЩе( für Rechnung Ver HaMwirche bewerkstelligt werden soll; den Schnee weder am Ufer noch auf dtt Eisdecke der Düna oder beim Wöhrmannscheu Park auszuwerfen. sondern ihn durch die vorstadkische Kaikgasse nach den SGLbergen zu führen und dort auszuwerfen ; IV. dieTrotkoirs vom Eise zu reinigen, micSand oder Asche zu bestreuen und diese zu egaAsiren; f &gt; V. die Rinnsteine häufig auszueisen unb darauf zu sehen, daß sich keine G!itschbahl?en bilden. ' - VI. kein Wasser auf die Straße zu gießen; : VII. die sich in den Straßen bildenden ErhöhuKgen und Gruben zu egalisiren» ' Wenn nun jeder Hauswirch für alles Obige ver» anlworrlich gemacht werden muß/ indem ihm liegt, mic diesen Vorschriften seine Dienstboren bekannt ze machen und für Beobachtung derselben zu sorgen; so hat er zwar seine Beschwerde über den Dienstboten, im Falle Letzterer fem Pstichc nicht erfüllt, bei den resp. SwgM -MM« bringen, sich jedoch schleuniger und strenger Zusttz zu gewartigen. Auch kann die PoZiZei-Verwab-lung sich nur an den Hauswirthenuno nicht an de;? Podrätschik, der die Bereinigung für den Erster» übernommen, halten und hofft m'chc in die Nochwendigkeit verßeßt zu werden, die Bereinigung für Rechnung der Hauswirthe besorgeu lassen zu müssen. Den 19. November 1852.  Da den ertheilren Vorschriften in Ansehung guter Ordnung so häuüg zuwidergehandelt wird, jo hat die Rigajche Polizei-Verwaltung sich veranlaßt gesehen, sämmtlichen Hiesigen Einwohnern wiederholt in Erinnerung zu bringen : daß jeder wichtige Vorfall anzuzeigen ist und daß die Meldung von Geborenen, Gestorbenen, An- und Abgereisten, Ein- und Ausgezogenen, die AnMeldung der abgelassenen und angenommenen Dienstboten ?c. soforc und ohne Verzug beim  6 "
"6","0тделъ второй.  Zweite Abtheilung.  Часть неoффициальная.  Nichtofficieller Theil.  Bekanntmachung e n.  Die von dem Livlandischen therischen Consistorium zu ercheilenden Bungs-Quoten aus der Prediger- Wittwen- und --Waisen-und aus der Haus-Armeu-Kasse, sowie diejenigen aus dem grW» Lehnte für adclicheWirrwen und Fraulein, sind entweder von den Interessenten daselbst oder durch Bevollmächtigte an jedem Freitage von Ii bis 12 Uhr im Sessionslocale des Livl. Evang.-Lltth. Consistorium s auf dem Schlosse vom 28, November bis zum i S.December 1852 incl. in Empfang zu nehmen. Dieses gilt jedoc!) nur von bereits reeipirten Theilnehmern. . 3 Von derAdminiftration derßigafchenßrandAssecuration s-7!nfta!t für die Stadt werden sauuntliche Eigenthümer der bei dieser Anstalt versicherten Immobilien hierdurch aufgefordert, zu einer General-Versammlung am 25, November d. 1., pracise um Uhr vormittags, in der großen Gildestube zu erscheinen. 1  Zu verkaufen.  Mit einer neuen Sendung bester Sorte GummZ-Galloschen aller Art empfiehlt sich zu erniedrigten Preisen Carl FranHen. 2 Es wird schönes Spilwen-Heu zu Kauf ausgeboten, welches mit und ohne Zustellung gegen billigen Preis geliefert werden kann. Das Nähere darüber Petersb. Vorstadt, Badestubenund Säulenstraße im Eckhause Nr. 294. 3. So eben erhaltene vorzüglich gute IMa-laga-Weintranben, Mtronen, Apfelsinen, Komexanzen, Trauben - RostIfen, Feigen 5 frischen Mftmd)ü !if#eil  Kaviar, Bergamotten u.Beurres blancs verkauft im Fruchrkeller an der Kalk-und Scheunengüssctt'Ecke Nikolai S uba kow.  Zu vermiethen.  Em Comvtoir-Local lmit feuerfestem GeldGewölbe und einem trockenen Keller, außerdem ein freundliches Zimmer für einen Unverheiratheken, sind zu vermiethen in meinem Hause, Schwimmstraße Nr. 41. A» 0* Helmboldt. 1 . Eine Wohnung von zwei zusammenhangen« den Zimmern für einen Unverheirateten ist mit Heizung und Aufwartung zu vermischen und gleich zu beziehen in meinem Hause am Petri-Friedhofe I. C.D. Müller. Eine Wohnung ist zu vermiethen in der großen Schmiedestraße bei der Wittwe Th au. Die obere aus 4 Zimmern nebst Englischer Küche bestehende Wnhnung des Hauses Woiffschmidt, (früher Jahn) an der großen Alexan-der-Straße, ist mit oder ohne Stallraum zu vermiethen. 2 Eine sehr trockene Wohnung von 2 Zimmern nebst Küche, parterre, vom 28. Januar 1853 zu beziehen, ist zu vermiethen; desgleichen sofort ein trockener Speicher. Zu erfragen bei Ar gl ll et. 2, Ein Zimmer für Unverheiratete vermiethet Friseur Körner. 1 An der Herrenstraße unweit der Post vermies chet 4 Zimmer mit Küche und zwei geräumige Keller H. E. Schirren. 2.  Der Druck wird gestattet. Riga, dm 22. November 1852. Cmsor Dr. I. G. Krohl»  Redacteur Baron Hah "
"7","Городъ Долматовъ Нермекой губернш отъ жестокаго пожара сильно пострадялъ, отъ чего сгорело 490 жилыхъ домовъ совершенно, а несколько церквей и монастырей частlЮ. Во уважение зна ч ител ь ныхъ убытковъ; кои претерпели Miiorie жителя г. Долматова отъ пожара , Государь Имп ерато ръ Высочайше разрешить соизволилъ, открыть подписку въ продол же nie одного года ни принятие добровольных?, припошевш деньгами отъ частныхъ лицъ въ пользу жителей Г.Долматова и въ следствие того предписано Кеме р ейном у Суду Ямиераторскаго города Риги; открыть здесь въ г. Риге подписку на сбор'ь добровольныхъ нриношепш для жителей города Долматова; та ко выя приношешя принимать и отослать по принадлежности. По сему жители города Риги приглашаются онымъ Кемерейнымъ Судомъ, соболезнуя истинно xpucTiaiicKoio душею о тяжко искушен ныхъ жителях ь города Долматова, по мере возможности содействовать въ томъ, дабы страждущимъ собрашям'ь предоставлена была въ скорости помощь в'Ь постигшей имъ беде.  Съ нЬкотораго времени доставляются изъ за границы, въ вид!» писеэгь на имя разаыхъ лицъ , прнглашешя участвовать в'Ь учрежденной ьъ Келикомь Герц«гств'Ь Бадей екомъ и другихъ иностранных'!. денежны хъ лотереяхь, съ приложени*мъ списковь самыхъ лотерей ii ыхъ акцш 11 бнлетопъ, на ociioiiaiiin Т. XIV, Св. за к. уст. о пред. и ирес/Ьч. преет, cv. 389, 390, 404 и у лож. о  „Meilen tun Riga, die übrigen in einem Bezirk „von 2 Meilen um die Stadt ihres Aufenthalts. „Vieh (jedoch mic Ausnahme desjenigen, so schon „nach der Stadt zum Verkauf getrieben wird) „aufzukaufen, es aber jedem andern Viehhändler „untersagt worden, sich in einem solchen Bezirke „aufzuhalten und betreten zu lassen JC."""" Diese Bestimmung, wie sie das Zeitbedürft nißveranlaßt haben mag. har jedoch keine weitere gesetzliche Grundlage und steht vielmehr mir späteren ausdrücklichen Gesetzen und namentlich mic den Artt. 266 und 268, Bd. XI. des Swod der Reichsgesetze, Handels-Ustaw. darnach namentlich der Handel mic Vieh und Lebensmitteln überall  ganz frei gegeben ist, im Widerspruch, so daß es keinem Zweifel unterliegen kann, daß die beregte Bestimmung des obigen Patents der Gouverne-ments-Regierung durch die obenbezogenen Bestimmungen des Reichsgesetzes gänzlich außer Wirksamkeit gesetzt worden ist. Zur Beseitigung derartiger, möglicher Weise noch anderweitig entstehender, Zweifel sindec sich die Livländifche Gouvernements-Negierung veranlaßt, das Vorstehende zur Wissenschaft und Nachachtung Derer, die es angehr, hiemittelst bekannt zu machen.  Die Stadt Tolmarow im Permschen Gouvernement ist im April-Monate d. I. von verheerender Feuerebrunst heimgesucht worden, durch die 490 Wohngebäude gänzlich und einige Kirchen und Klöster rheihveife verbrannt. In Berücksichtigung der betrachtlichen Verluste, welche die Einwohner von Dolmatow durch die Feuersbrunst erlitten haben, hat Se. Kaiserliche Majestät Allerhöchst Zu bewilligen geruht, eine Subscription während eines Jahres zur Annahme freiwilliger Gaben an Geld von Privatpersonen zum Besten der Einwohner von Dolmatow zu eröffnen; und ist in Folge dessen dem KämmereiGerichte der Kaiserlichen Stadt Riga der 'Auftrag geworden, hie sel bst in Riga eine Subscription zur Einfammlung freiwilliger Beitrage für die Einwohner von Dolmarow zu eröffnen, dergleichen freiwillige Beiträge entgegenzunehmen und wohin gehörig zu versenden. Eö werden demnach von diesem Kämmerei-Gerichte die Einwohner Riga 'S desmittelst freundlichst aufgefordert, sich mic cchr christlicher Gesinnung der schwergeprüft ten Dolmatow's anzunehmen und nach Kräften dazu beizutragen, daß den leidenden Mitbrüdern baldige Hilfe in ihrer NotH zu Theil werde.  Seit einiger Zeit geh» aus dem Auslande in Gestalc von Briefen auf den Namen verschiedenn- Personen Einladungen ein, an der im Großherzoglhum Baden errichteten und anderen gusländischenGeldlotterieenTheil zunehmen, wobei Copien von den Lotterien, Actien und Billeten selbst beigelegt waren. Da dies in Grundlage des Bandes XIV. Swod der Gesetze, Uftaw über Verhütung und Unterdrückung von Ver- "
"8","rotrtyen Peet Peterkshp nachgesucht worden LA, daß hinstchrlich der von der Frau Gräfin Senribe Keyserling, geb. Gräsill Cancrkn, in gejeHlicherAzsistenz, zum Besten supj)liesvüs am i. September iSS 2 für emeziKauffchillmg von 1300 3Ш. baar bewerkstelligten und den 8. December 1852 corrobotirfen Cessio» und eigenlhümlichen Ueberrragung des im Pernauschen St- Jacobischen Kirchspiele belegenen, Zu dem priv. Gute Könne bisher gehört habenden Grundstückes genannt Tarikönno-Peet Zamml Gebäuden und sonstigen Appem'nemien, eine Bekanntmachung in rechtsüblicher Weise erlassen werden möge, als hat das Pernausche Kreisgerichk, dem Gesuche willfahrend, kraft dieses öffentlichen Proclams alle Diejenigen, welche an das durch vorstehend erwähnte Cessio» dem PeetPererkohp zugefallene Grundstück TarikönnaPeet. dessen Gebäude und Appertinentien. aus irgend einem Rechrsgrunde Ansprüche und Forderungen machen oder gegen die geschehene Veraußerung und resp. Eigcnthumsübertragung etwa Einwendungen formiren zu können vermeinen, auffordern wollen, sich a äsw dieses ProclamS innerhalb der Frist von 3 Monaten, d. i. bis zum t'J. März 1653, bei dieser Behörde mit solchen ihren Ansprüchen. Forderungen und Einwendungen gehörig anzugeben, selbige zu doeumenriren und ausführig zu machen, bei der ausdrücklichen Verwarnung, daß nach Ablauf dieser schließlichen Frist Ausbleibende nicht weiter gehört, sondern gänzlich präcludirt und das Grundstück Tarikönno-Peet nebst Gebäuden und sonstigen Appertinentien dem Peer Peterkohp förmlich erbund eigenthümlich adjudicirt werden soll. Wonach ein Jeder, den solches angeht, sich zu achten hat. Fellin 12. December 1802. Nr. 657.  Der Rath der Stadt Walk fordert alle Diejenigen, welche an die nachstehend bezeichneten ZmmobilienAnsprüche und Anforderungen machen, oder wider deren angezeigte Veräußerung Einreden forlniren können und wollen, hiedurch auf, sich innerhalb der durch die Rigaschen Skatuten Lib. IV. § ö bestimmten Frist von Jahr und Tag, d. h. bis zum 23. Januar 1 854 # dahier bei diesem Rache mit selbigen anzugeben und sie zu dscumentiren auch ausführig zu machen, bei  der ausdrückliche?? Verwarnung, daß nach Ablauf dieser schl- glichen Frist Niemand weiter wird gehört- und die bemerkten Immobilien ihren gegenwartigen Besitzern eigenthümlich werden adjudicirk werde!?, als: 1) an das in der Mvskauschen Straße unter der Polizei-Nummer 30 auf Erbgrund belegene hölzerne Wohnhaus nebst Appern'nenn'en, verkauft am 4. November d. I. von dem Edelmann Hrn. Friedrich v. Grochowski dem Hrn. dimirt. Kirchspielsrichter Robert v. Anrep für 1250 Rbl. 2) an das in der Rigaschen Straße unter Pol- . 44 aufKirchengrund belegene hölzerne Wohnhaus nebst Appertinentien, verkauft am 16. October d. I. von dem Bürger und Bäckermeister Friedrich Roben alt dem Bürger und Bäckermeister Eduard Ringen b erg für i SoO Rbl. S. Nr. 2143. — 3 —  Vom Magistrate des Gerichtssteckens Schlock werden. nachdem in Nachgabe deßfallsigenAnsuchenS des Kaufmanns Casper Spriede das sub Nr. 57» in Schlock belegene Wohnhaus des Schlockschen Meschtschanins Vincent Nikolajew M ila j ew. behufs Berichtigung ingrossirren Schuld-Capirals zum öffentlichen Äusboc gestellt worden ist, hiemit Alle und Jede, welche an odengedachtes Jinmobil irgend welche Ansprüche zu formiren gesonnen sind, aufgefordert, sich entweder persönlich oder durch gehörige Bevollmachrigte binnen Jahr und Tag. d. h. bis zum 13. Januar iSoi, ouf welchen Tag der Termin zum öffentlichen Meistbor anberaumt worden ist, bei diesem Magistrate zu melden und ihre etwanigen Ansprüche wie gehörig zu documentiren. widrigen falls nach Ablauf der besagten Frist sie mit ihren Ansprüchen nicht weiter gehört und was Rechtens staruirt werden soll. Nr. IOOJ. —Z— Ächlock-Nathhaus, am Л December 1852. |  Шлококж Магистрат!, симъ вызываетъ Bctx'b Tfcx'i», ков предполагают'!. имЬть какш либо требован i;« на до м*ь Шло к ска го мЫцаииll а II и и цента Николаева Милаева (л еж. иодъ Ж 57 а vi. II о сад Ь Шлокl&gt;), который выставлееъ на публичную продажу по ироше-  5 "
"9","MMsMNs ben GrMd Zu feuern schmerzhaften Uebel geleZt an welchem der Verstorbene viele Ichre lang gelittm, »nd daß Ihn endlich auch gyMi?t hat» WHrmd der nächstfolgenden Jahre OesNchte Er die &gt; berühmtesten Aerzte unserer Gegenden, um Heilung Seines Uebels zu suchen, Wurde von jedem derselben eine längere oder kürPW ZM behandelt, von allen aber als.ein UN--hÄlbarer Kranker entlassen»  RschdeM Er sein väterliches Gut Koick beшШ im 1799 verkauft und das Jahr darMs Sich in Dorpat niedergelassen hatte, wurde Mx aus dem nächsten öffentlichen Landtage Zum DrdnANgsrichter des damals noch verbundenen 'MZxpt-Merroschen Kreises erwählt. Hier fand Er bald Gelegenheit zur Entfaltung einer eben so kräftigen und umsichtigen, als für das Gouvernement wohlthätigen Wirksamkeit, wie Er denn -ÄeHaupt jedem Amte mit ganzer Seele, .mit dem unermüdlichsten Eifer vorstand. Auf dem offentlichen Landtage im Jahre 1803 waren wichtige, das Verhältniß des leibeigenen Landmannes zu seiMM Erb- und Gutsherrn betreffende, eine mildere, schönere Zeit verkündigende Beschlüsse gefaßt die Bauer-Verordnung von 1-80-4 war eine Frucht derselben. Allein ehe noch diese Frucht gewonnen werden konnte, hatten übertriebme und entstellte Gerüchte das Landvolk an einzelnen Stellen zu Unruhen verleitet, zu deren euergischer und sofortiger Dämpfung in seinem Bezirk, der Ordnungsrichter v. Budberg wesentlich bei'tmg. Das Livländische Landraths - Collegium -dankte Ihm dafür in einer besondern, höchst schmeichelhaften Zuschrift, indem es namentlich das Moment heraushob: daß die Wiederherstellung der Öffentlichen Ruhe als das Resultat der persönlichen Bemühungen des Ordnungsrichters Baron Budberg, und nicht als die erzwungene Hingebung unter die Gewalt anerkannt werden müsse. Solchergestalt rechtfertigte Er vollkommen das von dem Landraths-Colleginm Ihm ertheilte Zeugniß: wie Er ein eben so thätiger Patriot, als glücklicher Amtsverweser sey.  Als später die neuen bäuerlichen Verhältnisse eingeleitet waren, wurde Baron Budberg zum Kirchspielsrichter gewählt, und Zwar ausnahmsweise für sechs verbundene Kirchspiele, während die фщт Млхф spielSg eri ф Ш ezirke nur aus je  drei Kirchspielen bestanden. Dieß «ytM dm pHwaltenden Umständen und bei den noch ganz «ш Verhältnissen höchst schwierige Amt bekleidete Er vom Jahre 1804 bis zum Jahre 1810. Zugleich bewirtschaftete er das Gut Lugden, welches ftt--nem Vetter. Carl Baron von Löwenwold? gehörig der als Obrist und Commandenr des ChevalierGarde - Regiments in der denkwürdigen Schlacht bei Borodino den Tod fand. Der Baryn Buhberg erwarb sich auch Jhter gar bald den Ruf tmts thätigen, tüchtigen und glücklichen Landwirthes. Allein er sollte bald zu einem wichtigern Wirkungskreise berufen werden.  Die Bauerverordnung von 1804 beruhte auf htm Grundsätze einer strengen Reciprocität. Der leibeigene, grundpflichtige Bauer erhielt gewisse Ländereien zur Nutznießung, und war dafür seiuem Erb- und Grundherrn zu bestimmten Leistungen verpflichtet. Diese sollten nun in einem geschlich normirten Verhältniß zu dem tarirteu Bodenwerthe der dem Bauern zngetheilten Ländereien stehen, und deßhalb mußte natürlich eben dieser Werth genau ausgemittelt und nach demselben der Betrag der Leistungen berechnet werden. Bei der Ausführung überzeugte man sich jedoch bald, daß die wenigsten Landgüter schon feste Basen zu einer solchen Ausrechnung darbieten konnten, und daß dem neuen Verhältniß zwischen Herrn und Bauer eine allgemeine Vermessung und Graduation aller Bauerländereien vorausgehen müsse, um nach den Resultaten derselben erst dieGehorchsleistungen berechnen zu können. Es wurde also statt der früherat vier Kreis-Revisions-Commissiomn im Jahre 1809 eine einzige allgemeine Messungs-Revisions-Commission für ganz Livland in der Stadt Walk niedergesetzt, und zu deren Instruction erschienen besondere Allerhöchst bestätigte Ergänzungs * Paragraphen zu der Bauerverordnung vom Jahre 1804. Im Jahre 1811 trat Baron Budberg als Präsident-Gehilfe in diese Messungs-Revi-sions - Commission ein, und fortan kam ein reges Leben in das höchst schwierige Geschäft. Em Mann in den besten Lebensjahren, gelang es Ihm, Seine Kränklichkeit durch feste Willenskraft niederzukämpfen, und voll des regsten und edelsten Eifers für die Sache, zugleich mit allen zu dem wichtigen und mühsamen Geschäfte erforderlichen Kenntnissen und Eigenschaften reich ausgestatz^  11 "
"10","1842 sich außer der Stadtbefehlshaberschaft auch auf die Stadt Rostow (im Jekaterinoslawschen Gouvernement) erstreck.  Der Procureur d'er StadtbefeHlstzaberAchOßk. d) I n Taganrog. Im Ressort des Ministeriums des Innern: Die Taganrogsche Stadtpolizei, unter der Das Polizeiwesen nicht nur in der Stade Taganrog, sondern oud) m dem dazu gehörenden Kreise steht. Die Taganrogsche Stadt-Duma. Die Taganrogsche Handelo-Deputation. Die Tciganrogsche Quartier-Commission. Gas Comp wir der Anstalten des Taganrogschen Collegiums allgemeiner Fürsorge. Im Ressort des Justiz-Ministeriums: Der Taganrogsche S.kadtmagistrat. Das Taganrogsche Stadr-Waisengericht. Im Ressort des Finanz-Ministeriums: Das Taganrogsche Zollamt. In Nachitschewan: Im Ressort des Ministeriums des Innern: Das Nachitschewansche Stadthaupt, welches ganz eigentlich das Oekonomie-Weftn in der Stadt leitet. Im Ressort des Justiz-Ministeriums: Der Nachitschewansche Armenische Magistrat, welcher dem Polizei-Wesen in der Stadt und deren Bezirk vorsteht und die erste Instanz in Criminal-undCivilsachen derörtlichenArmenierist. Das Nachitschewansche Waisengericht. In Mariupol: Im Ressort des Ministeriums des Innern: DieMariupolsche Stadt-Duma. Im Ressort des Justiz-Ministeriums: Das Mariupolsche Griechische Gericht, welches dem Polizei-Wesen in der Stadt und dem Bezirk vorsteht und die erste Znstanz in Eriminal- und Zivilsachen der örtlichen Griechen ist. Im Ressort des Fmanz-Ministeriums: die Mariupolschc Zollsastawa; die Mariupolsche Hafen-Vsrwaltung. 1 Anmerk. I. Besondere Kreis- oder StadtAnwälte giebt es in den Städten der Stadtbefehlshaberschaft nicht, sondern es sind die Obliegenheiten eines Anwalts in Taganrog dem Seeretair des Stadtmagistrats, in Nachitschewan dem Seeretair des Nüchitschswanschen Armenischen Ma- j  gistrsks Ans 111 Maritwsl deWMeeretaik des MarmpoMw GriLchischeK G«ÄO auferlegtAmWOr k. 11 Die Zur Competenz der Kreisgeeichte gehörenden, m de» Glädle» Taganrog und Nachitschewan mit deren Bezirken entstehenden Sachen werden indem RostowfchtN Kreisgerichle des Zekalerinoslawschen Gouvernements verhandelt, Sachen aber, die in Mariupolund dessen Bezirk entstehen, werden Zur WprüfuM dem Alexandrowschcn Kreisgerichte desselben Gouv eryemenls überge ben« Mm nachst werden in den Gerichtsbehörden der Gladtbefehls ha der schaft verhandelt: in Taganxog hei dem.Smdk-Magistrate Sachen eigentlich städtischer Einwohner; in Mariupol und Nachitschewan bei dem Griechischen Gerichte und Armenischen Magistrale Sachen allein nur der örtlichen Griechen und Armenier; Zur Revision aber werden die Sachen aller dieser BeHörden den Jekaterinoslawschen Criminalund Civil-Gerichtshöfen nach der HingeHörigkeit vorgestellt. Anmerk. 111. Die in der Stadtbefehlshaberschaft befindlichen Reichsbauern aber gehören zur Jurisdiction des Rostowschen (am Don) Bezirks.Chefs der Reichsbesißlichkeiten in allen Beziehungen, mit Ausnahme der Fälle, die nach den allgEZ meinen Regeln der örtlichen Polizei-Au-toritär competiren-  Die Livl. Gouvernements-Regierung hat in Erfahrung gebracht, daß einige Gutsverwaltun« gen bei den Ordnungsgerichten mehr als 3 Rbl. S. Abonnement für die Livl. Gouv.-Zeitung eingezahlt haben, und sieht sich daher veranlaßt, die Ordnungsgerichte hiemit aufmerksam zu machen, daß von allen Behörden und Personen, welche die Zeitung zu halten verpflichtet sind, keine Zusendungskosten, somit also nur 3 Rbl. S. als Abonnement und 3 Kop. Post-Assecuranz zur Versendung nach Riga, zu erheben sind. Daher ist alles Mehreingezahlte den Gutsverwaltungen ungesäumt zurückzuzahlen.  2 "
